USE [Restaurant]
GO
/****** Object:  Table [dbo].[__MigrationHistory]    Script Date: 16.12.2022 14:50:32 ******/
SET ANSI_NULLS ON
GO
SET QUOTED_IDENTIFIER ON
GO
CREATE TABLE [dbo].[__MigrationHistory](
	[MigrationId] [nvarchar](150) NOT NULL,
	[ContextKey] [nvarchar](300) NOT NULL,
	[Model] [varbinary](max) NOT NULL,
	[ProductVersion] [nvarchar](32) NOT NULL,
 CONSTRAINT [PK_dbo.__MigrationHistory] PRIMARY KEY CLUSTERED 
(
	[MigrationId] ASC,
	[ContextKey] ASC
)WITH (PAD_INDEX = OFF, STATISTICS_NORECOMPUTE = OFF, IGNORE_DUP_KEY = OFF, ALLOW_ROW_LOCKS = ON, ALLOW_PAGE_LOCKS = ON) ON [PRIMARY]
) ON [PRIMARY] TEXTIMAGE_ON [PRIMARY]
GO
/****** Object:  Table [dbo].[Categories]    Script Date: 16.12.2022 14:50:32 ******/
SET ANSI_NULLS ON
GO
SET QUOTED_IDENTIFIER ON
GO
CREATE TABLE [dbo].[Categories](
	[CategoryID] [int] IDENTITY(1,1) NOT NULL,
	[CategoryName] [nvarchar](50) NOT NULL,
PRIMARY KEY CLUSTERED 
(
	[CategoryID] ASC
)WITH (PAD_INDEX = OFF, STATISTICS_NORECOMPUTE = OFF, IGNORE_DUP_KEY = OFF, ALLOW_ROW_LOCKS = ON, ALLOW_PAGE_LOCKS = ON) ON [PRIMARY]
) ON [PRIMARY]
GO
/****** Object:  Table [dbo].[Orders]    Script Date: 16.12.2022 14:50:32 ******/
SET ANSI_NULLS ON
GO
SET QUOTED_IDENTIFIER ON
GO
CREATE TABLE [dbo].[Orders](
	[OrderID] [int] IDENTITY(1,1) NOT NULL,
	[TableID] [int] NOT NULL,
	[ProductName] [nvarchar](max) NOT NULL,
	[Price] [money] NOT NULL,
	[Amount] [int] NOT NULL,
PRIMARY KEY CLUSTERED 
(
	[OrderID] ASC
)WITH (PAD_INDEX = OFF, STATISTICS_NORECOMPUTE = OFF, IGNORE_DUP_KEY = OFF, ALLOW_ROW_LOCKS = ON, ALLOW_PAGE_LOCKS = ON) ON [PRIMARY]
) ON [PRIMARY] TEXTIMAGE_ON [PRIMARY]
GO
/****** Object:  Table [dbo].[Payments]    Script Date: 16.12.2022 14:50:32 ******/
SET ANSI_NULLS ON
GO
SET QUOTED_IDENTIFIER ON
GO
CREATE TABLE [dbo].[Payments](
	[PaymentID] [int] IDENTITY(1,1) NOT NULL,
	[Price] [money] NOT NULL,
	[PaymentMethod] [nvarchar](50) NOT NULL,
	[DateTime] [datetime] NOT NULL,
PRIMARY KEY CLUSTERED 
(
	[PaymentID] ASC
)WITH (PAD_INDEX = OFF, STATISTICS_NORECOMPUTE = OFF, IGNORE_DUP_KEY = OFF, ALLOW_ROW_LOCKS = ON, ALLOW_PAGE_LOCKS = ON) ON [PRIMARY]
) ON [PRIMARY]
GO
/****** Object:  Table [dbo].[Products]    Script Date: 16.12.2022 14:50:32 ******/
SET ANSI_NULLS ON
GO
SET QUOTED_IDENTIFIER ON
GO
CREATE TABLE [dbo].[Products](
	[ProductID] [int] IDENTITY(1,1) NOT NULL,
	[CategoryID] [int] NOT NULL,
	[ProductName] [nvarchar](max) NOT NULL,
	[Price] [money] NOT NULL,
PRIMARY KEY CLUSTERED 
(
	[ProductID] ASC
)WITH (PAD_INDEX = OFF, STATISTICS_NORECOMPUTE = OFF, IGNORE_DUP_KEY = OFF, ALLOW_ROW_LOCKS = ON, ALLOW_PAGE_LOCKS = ON) ON [PRIMARY]
) ON [PRIMARY] TEXTIMAGE_ON [PRIMARY]
GO
/****** Object:  Table [dbo].[Tables]    Script Date: 16.12.2022 14:50:32 ******/
SET ANSI_NULLS ON
GO
SET QUOTED_IDENTIFIER ON
GO
CREATE TABLE [dbo].[Tables](
	[TableID] [int] IDENTITY(1,1) NOT NULL,
	[Status] [int] NOT NULL,
PRIMARY KEY CLUSTERED 
(
	[TableID] ASC
)WITH (PAD_INDEX = OFF, STATISTICS_NORECOMPUTE = OFF, IGNORE_DUP_KEY = OFF, ALLOW_ROW_LOCKS = ON, ALLOW_PAGE_LOCKS = ON) ON [PRIMARY]
) ON [PRIMARY]
GO
/****** Object:  Table [dbo].[Users]    Script Date: 16.12.2022 14:50:32 ******/
SET ANSI_NULLS ON
GO
SET QUOTED_IDENTIFIER ON
GO
CREATE TABLE [dbo].[Users](
	[UserID] [int] IDENTITY(1,1) NOT NULL,
	[Name] [varchar](50) NOT NULL,
	[Password] [varchar](50) NOT NULL,
PRIMARY KEY CLUSTERED 
(
	[UserID] ASC
)WITH (PAD_INDEX = OFF, STATISTICS_NORECOMPUTE = OFF, IGNORE_DUP_KEY = OFF, ALLOW_ROW_LOCKS = ON, ALLOW_PAGE_LOCKS = ON) ON [PRIMARY]
) ON [PRIMARY]
GO
INSERT [dbo].[__MigrationHistory] ([MigrationId], [ContextKey], [Model], [ProductVersion]) VALUES (N'202212082304053_InitialCreate', N'DataAccess.Concrete.RestaurantCafeDBContext', 0x1F8B0800000000000400CD57CB6EE33614DD17E83F105CB540C6CC63330DE41964EC4911749C045166F63475ED10A54895A402FBDBBAE827F5177AA9A725F999166DE18D45DD7BEEB96FEACFDFFF883EAE52455EC13A69F4985E8CCE29012D4C22F5724C73BF78F79E7EFCF0FD77D1E7245D916FB5DC5590434DEDC6F4C5FBEC9A31275E20E56E944A618D330B3F1226653C31ECF2FCFC277671C10021286211123DE5DACB148A077C9C182D20F3395733938072D539BE890B5472CF5370191730A653EEF98D10E0DC28A859F040C98D921CA9C4A0169470AD8DE71E895E7F75107B6BF432CEF080ABE7750628B7E0CA41E5C0752B7EAC2FE797C117D62AD6502277DEA427025E5C55C1617DF537859836C1C3F07DC630FB75F0BA08E1983E5A93E4C253D2B7753D5136C88D69A123C18D2AD933529F9C35058075127E6764922B9F5B186BC8BDE5EA8C3CE67325C52FB07E36BF821EEB5CA94D46C809DF750EF0082D6560FDFA09165D9E77534A58579DF5F51BEDA16AE9D09DF6579794DC23153E57D0A47FC3F9D81B0B3F8306CB3D248FDC7BB098BDBB048A000E48F44C4E506B69ECFAB0CDFD3815F5F0500361F9622B5232E3AB2FA097FE654CF12F25B77205497D52817FD5123B1795BCCD8FB0254563650A42A65C51F268F15F350BDE53120B1EC81FF224626DA10DCB0FDBD47389B1AD2C3F81F33CB75CFB095FC0F453780FAB6D3589ED5B95A5AB9CEABA54E2C7E0BBF17394B47CCAA9306A0A7F1BEF86613B78583979EA09C5768CA868C6B30C13B431B2AA131297F36AF22E3EBD8FD3128309B7A59D1BB68D25AC5EBE84DE5B348D4C6FA5753ECCCC390F599B24E9406C573E76C4BAB6DA0B79BFA7DB0CD40AE17FA9B465863709EAE1B401BD451F53ECC7C25D68E8B4336DA059EC0FAEB8DD3D212646E5A93E3073F6616DB6FE26D8E6F9F1689D01B0855BF9E214BCA2C9BB48C5D1102362BD40F733CA0629ED4DE67E89ECEBB4BE4863BDE9B85E674555951FBE210CCABE1409C3CDBCCA24947CBC761ED2511018C5BFA98992E86F2B30E35A2EB02BCA1D4671475FF6EE18FF9F7DCF9C4BD4714BFF3FDEC33284F8E0A63D71650E576F61E6EF2F5EFDCAAD78E1F68794AF7EDC043C79B926FFE6721DCEFCA356E6BE8D59B60FFA3137E852C9B3DDB46FDCA7C36E8ED8E65741340527972D44F846D020429BB4A0B5CC9D5E983A03E8DA26A35AA497A019789E842D64BD5C70E1F1755847C555EB1B5779B807A77348EEF443EEB3DCDF3807E95C756E8211DB6FBFB8347439470F597872FF840B4853A20BF0A03FE552250DEFDB2D25B40322144BD58BC80AAF9AA199D60DD2BDD1470255E19B42063A74F233A4994230F7A063FE0A6FE18677BF2FB0E4625D0FE5DD208713D10D7B34957C6979EA2A8C563F7CE9B2F0A9FBE12F7296461A1C0F0000, N'6.4.4')
GO
INSERT [dbo].[__MigrationHistory] ([MigrationId], [ContextKey], [Model], [ProductVersion]) VALUES (N'202212082329182_InitialCreate', N'DataAccess.Concrete.RestaurantContext', 0x1F8B0800000000000400CD57DB6EE336107D2FD07F10F8D402593397976D20EF22B53785D1751244D97DA7A9B143941795A402FBDBFAD04FEA2F74A8AB25D9B19D2DDA422F123973E6CC702ED45F7FFC197F5C2B19BD8075C2E831B9189D93083437A9D0AB31C9FDF2DD7BF2F1C3F7DFC59F52B58EBED67257410E35B51B9367EFB36B4A1D7F06C5DC48096E8D334B3FE24651961A7A797EFE13BDB8A0801004B1A2287ECCB5170A8A0FFC9C18CD21F3399373938274D53AEE24056A74C714B88C71189329F3EC8673706E14D42C7820D18D140CA924209724625A1BCF3C12BDFEE220F1D6E85592E102934F9B0C506EC9A483CA81EB56FC585FCE2F832FB455ACA178EEBC5127025E5C55C1A17DF537859834C1C3F07DC230FB4DF0BA08E1983C5893E6DC93A86FEB7A226D901B934247801B55B26751BD72D62400E64978CEA2492E7D6E61AC21F796C9B3E8215F48C17F85CD93F90DF458E7526E33424EB8D759C025B49481F59B47587679CEA624A25D75DAD76FB487AAA54333EDAF2E49748754D8424273FC5BCE27DE58F8053458E6217D60DE83C5D39BA550047040A26772825A2B6337876DBE8E53510F1F3510A62F962289E66CFD19F4CA3F8F09BE92E856AC21AD572AF02F5A60E5A292B7F911B6046FAC4C810BC524891E2CBE55BDE03D8912CE02F9439EC4B44DB461FA61997A2630B695E547709EE596691F7660BD2B1BB170AB8474953B5D674AE4047C3FAF5B22653B18353BBB0837D4DA8E43CB9653B726BAA737C573966578325BBDAA5A8992B2514DDE25A717B02A3128773BEAB861DB58C2B4652BE8EDA269647A2BACF3A1592E5838AE49AA0662C383D813E4DA5E37D6FD2A6E435FCB87F7526747D71EEDC16923798BCE29ACC0C24F68D8EC6550E8869465767F4F9818992B7DA0CBBC86B55DECDB60DBEBC7A3754A7E07B772E314BCA2ACBB48C5D21023A6BD40F74F940E8EB4D78BFB19F25A89F5451AEB4DA9F54A2AAED2FBF09D6090EFA5486867E645A421D7938DF3A046416094FC2E2752A0BFADC09C69B1C47228A716C1A97CD9BB55FC7F263C752E95C78DF9FF78F28A10E283B3F5C421391CB685996F1FB5FA8559FECCEC0F8AAD7FDC063C799CA6FFE6381D36FB6F1E9565F9A01F0B832E953CAB4DF7E6413AACE6986EFF07C4537062D54284BF020D3C94490B5ACBCCF4D2D42780AE6D33AA457A073407CFD23085AC174BC63D6E8771545CAEBE3299879BAF5A403AD3F7B9CF727FE31CA885ECDCFD62FABAFDE2B6D0E51CDF67E1CBFD132E204D812EC0BDFE3917326D78DFEE48A13D102159AA5A445678B90CC5B46990EE8C3E12A80ADF1432D0A1929F406512C1DCBD4ED80BBC851BDEF93EC38AF14DDD94F7831C3E886ED8E3A9602BCB94AB305AFDF06F4BC3CFED87BF01DE10884E0E0F0000, N'6.4.4')
GO
SET IDENTITY_INSERT [dbo].[Categories] ON 
GO
INSERT [dbo].[Categories] ([CategoryID], [CategoryName]) VALUES (1, N'Sıcak İçecekler')
GO
INSERT [dbo].[Categories] ([CategoryID], [CategoryName]) VALUES (2, N'Soğuk İçecekler')
GO
INSERT [dbo].[Categories] ([CategoryID], [CategoryName]) VALUES (3, N'Çorbalar')
GO
INSERT [dbo].[Categories] ([CategoryID], [CategoryName]) VALUES (4, N'Kahvaltılar')
GO
INSERT [dbo].[Categories] ([CategoryID], [CategoryName]) VALUES (5, N'Yemekler')
GO
INSERT [dbo].[Categories] ([CategoryID], [CategoryName]) VALUES (1002, N'Tatlılar')
GO
SET IDENTITY_INSERT [dbo].[Categories] OFF
GO
SET IDENTITY_INSERT [dbo].[Orders] ON 
GO
INSERT [dbo].[Orders] ([OrderID], [TableID], [ProductName], [Price], [Amount]) VALUES (2005, 8, N'Kahve', 13.5000, 1)
GO
INSERT [dbo].[Orders] ([OrderID], [TableID], [ProductName], [Price], [Amount]) VALUES (2006, 8, N'Kola', 15.0000, 1)
GO
INSERT [dbo].[Orders] ([OrderID], [TableID], [ProductName], [Price], [Amount]) VALUES (2007, 8, N'Hamburger', 48.0000, 1)
GO
SET IDENTITY_INSERT [dbo].[Orders] OFF
GO
SET IDENTITY_INSERT [dbo].[Products] ON 
GO
INSERT [dbo].[Products] ([ProductID], [CategoryID], [ProductName], [Price]) VALUES (1, 5, N'Hamburger', 48.0000)
GO
INSERT [dbo].[Products] ([ProductID], [CategoryID], [ProductName], [Price]) VALUES (2, 1, N'Kahve', 13.5000)
GO
INSERT [dbo].[Products] ([ProductID], [CategoryID], [ProductName], [Price]) VALUES (1004, 4, N'Menemen', 20.0000)
GO
INSERT [dbo].[Products] ([ProductID], [CategoryID], [ProductName], [Price]) VALUES (2002, 2, N'Kola', 15.0000)
GO
INSERT [dbo].[Products] ([ProductID], [CategoryID], [ProductName], [Price]) VALUES (3002, 1, N'Çay', 5.0000)
GO
INSERT [dbo].[Products] ([ProductID], [CategoryID], [ProductName], [Price]) VALUES (3003, 2, N'Ice Tea', 10.0000)
GO
INSERT [dbo].[Products] ([ProductID], [CategoryID], [ProductName], [Price]) VALUES (3004, 4, N'Sahanda Yumurta', 20.0000)
GO
INSERT [dbo].[Products] ([ProductID], [CategoryID], [ProductName], [Price]) VALUES (3005, 4, N'Kahvaltı Tabağı', 22.5000)
GO
INSERT [dbo].[Products] ([ProductID], [CategoryID], [ProductName], [Price]) VALUES (3006, 4, N'Patates Tabağı', 17.5000)
GO
INSERT [dbo].[Products] ([ProductID], [CategoryID], [ProductName], [Price]) VALUES (3007, 1002, N'Sufle', 25.0000)
GO
INSERT [dbo].[Products] ([ProductID], [CategoryID], [ProductName], [Price]) VALUES (3008, 1002, N'Fırın Sütlaç', 18.0000)
GO
INSERT [dbo].[Products] ([ProductID], [CategoryID], [ProductName], [Price]) VALUES (3009, 1002, N'Magnolia', 20.0000)
GO
INSERT [dbo].[Products] ([ProductID], [CategoryID], [ProductName], [Price]) VALUES (3010, 1002, N'Dondurma (Top)', 5.0000)
GO
INSERT [dbo].[Products] ([ProductID], [CategoryID], [ProductName], [Price]) VALUES (3011, 3, N'Ezogelin Çorbası', 12.5000)
GO
INSERT [dbo].[Products] ([ProductID], [CategoryID], [ProductName], [Price]) VALUES (3012, 5, N'Izgara Köfte', 45.0000)
GO
INSERT [dbo].[Products] ([ProductID], [CategoryID], [ProductName], [Price]) VALUES (3013, 5, N'Pizza', 35.0000)
GO
INSERT [dbo].[Products] ([ProductID], [CategoryID], [ProductName], [Price]) VALUES (3014, 1, N'Mocha', 25.0000)
GO
SET IDENTITY_INSERT [dbo].[Products] OFF
GO
SET IDENTITY_INSERT [dbo].[Tables] ON 
GO
INSERT [dbo].[Tables] ([TableID], [Status]) VALUES (1, 0)
GO
INSERT [dbo].[Tables] ([TableID], [Status]) VALUES (2, 0)
GO
INSERT [dbo].[Tables] ([TableID], [Status]) VALUES (3, 0)
GO
INSERT [dbo].[Tables] ([TableID], [Status]) VALUES (4, 0)
GO
INSERT [dbo].[Tables] ([TableID], [Status]) VALUES (5, 0)
GO
INSERT [dbo].[Tables] ([TableID], [Status]) VALUES (6, 0)
GO
INSERT [dbo].[Tables] ([TableID], [Status]) VALUES (7, 0)
GO
INSERT [dbo].[Tables] ([TableID], [Status]) VALUES (8, 0)
GO
INSERT [dbo].[Tables] ([TableID], [Status]) VALUES (9, 0)
GO
INSERT [dbo].[Tables] ([TableID], [Status]) VALUES (10, 0)
GO
SET IDENTITY_INSERT [dbo].[Tables] OFF
GO
SET IDENTITY_INSERT [dbo].[Users] ON 
GO
INSERT [dbo].[Users] ([UserID], [Name], [Password]) VALUES (1, N'Yusufk', N'123456789')
GO
INSERT [dbo].[Users] ([UserID], [Name], [Password]) VALUES (2, N'Tayfun78', N'123123123')
GO
SET IDENTITY_INSERT [dbo].[Users] OFF
GO
